ref_build,cromosoma,posicion,referencia,alternativo,tipo,gen,id_clinvar,created_at
hg38,3,16271057,C,T,SNP,OXNAD1,0,
hg38,3,38039461,T,G,SNP,DLEC1,0,
hg38,3,38366870,G,A,SNP,XYLB,0,
hg38,3,42209837,C,T,SNP,TRAK1,1342260,
hg38,3,42865620,A,C,SNP,ACKR2,0,
hg38,3,44243092,G,A,SNP,TOPAZ1,0,
hg38,3,45091429,G,A,SNP,CDCP1,0,
hg38,3,50572193,T,G,SNP,HEMK1,0,
hg38,3,51956299,A,G,SNP,GPR62,0,
hg38,3,57428707,A,G,SNP,DNAH12,402635,
hg38,3,66383252,A,G,SNP,LRIG1,403054,
hg38,3,73624427,G,C,SNP,PDZRN3-AS1,0,
hg38,3,87249925,A,C,SNP,CHMP2B,98001,
hg38,3,98585623,T,C,SNP,CPOX,346977,
hg38,3,105720058,T,C,SNP,CBLB,133818,
hg38,3,108579413,C,T,SNP,CIP2A,0,
hg38,3,108684239,T,C,SNP,DZIP3,0,
hg38,3,112466178,G,A,SNP,BTLA,0,
hg38,3,112534211,C,CA,INS,ATG3,0,
hg38,3,113426159,C,T,SNP,CFAP44-AS1,0,
hg38,3,119148200,C,G,SNP,TEX55,0,
hg38,3,121993204,A,C,SNP,ILDR1,44141,
hg38,3,122119472,G,A,SNP,CD86,1227026,
hg38,3,123161344,T,C,SNP,PDIA5,0,
hg38,3,123700066,G,A,SNP,MYLK,194903,
hg38,3,123700441,C,T,SNP,MYLK,194902,
hg38,3,124660970,T,C,SNP,KALRN,0,
hg38,3,125027205,A,G,SNP,HEG1,0,
hg38,3,128625943,G,A,SNP,RPN1,0,
hg38,3,129001644,A,G,SNP,KIAA1257,0,
hg38,3,129563137,C,T,SNP,PLXND1,0,
hg38,3,140459643,G,A,SNP,CLSTN2,0,
hg38,3,149009346,G,A,SNP,GYG1,379980,
hg38,3,149982732,T,C,SNP,TMEM183B,0,
hg38,3,184038603,C,G,SNP,HTR3D,0,
hg38,3,184321878,A,G,SNP,EIF4G1,518344,
hg38,3,186272307,C,T,SNP,DGKG,0,
hg38,3,186652544,G,T,SNP,FETUB,0,
hg38,3,187371115,C,A,SNP,RTP4,0,
hg38,3,187371138,G,A,SNP,RTP4,0,
hg38,3,191380177,T,C,SNP,CCDC50,48161,
hg38,3,195762196,C,G,SNP,MUC4.8,0,
