id_genomica,id_corrida,id_diseno,ref_build,cromosoma,posicion,referencia,alternativo,GT,reads_ref,reads_alt,DP,filter,haplotypecaller,freebayes,samtools,platypus,deepvariant,created_at
HG00405_degvcf_intervar,VTT_OUT,1,hg38,3,16271057,C,T,T/T,0,2,2,,1,0,0,0,0,
HG00405_degvcf_intervar,VTT_OUT,1,hg38,3,38039461,T,G,G/G,0,2,2,,1,0,0,0,0,
HG00405_degvcf_intervar,VTT_OUT,1,hg38,3,38366870,G,A,A/A,0,2,2,,1,0,0,0,0,
HG00405_degvcf_intervar,VTT_OUT,1,hg38,3,42209837,C,T,T/T,0,3,3,,1,0,0,0,0,
HG00405_degvcf_intervar,VTT_OUT,1,hg38,3,42865620,A,C,C/C,0,2,2,,1,0,0,0,0,
HG00405_degvcf_intervar,VTT_OUT,1,hg38,3,44243092,G,A,A/A,0,2,2,,1,0,0,0,0,
HG00405_degvcf_intervar,VTT_OUT,1,hg38,3,45091429,G,A,G/A,1,2,3,,1,0,0,0,0,
HG00405_degvcf_intervar,VTT_OUT,1,hg38,3,50572193,T,G,G/G,0,2,2,,1,0,0,0,0,
HG00405_degvcf_intervar,VTT_OUT,1,hg38,3,51956299,A,G,G/G,0,2,2,,1,0,0,0,0,
HG00405_degvcf_intervar,VTT_OUT,1,hg38,3,57428707,A,G,G/G,0,2,2,,1,0,0,0,0,
HG00405_degvcf_intervar,VTT_OUT,1,hg38,3,66383252,A,G,G/G,0,2,2,,1,0,0,0,0,
HG00405_degvcf_intervar,VTT_OUT,1,hg38,3,73624427,G,C,C/C,0,2,2,,1,0,0,0,0,
HG00405_degvcf_intervar,VTT_OUT,1,hg38,3,87249925,A,C,C/C,0,2,2,,1,0,0,0,0,
HG00405_degvcf_intervar,VTT_OUT,1,hg38,3,98585623,T,C,C/C,0,2,2,,1,0,0,0,0,
HG00405_degvcf_intervar,VTT_OUT,1,hg38,3,105720058,T,C,C/C,0,2,2,,1,0,0,0,0,
HG00405_degvcf_intervar,VTT_OUT,1,hg38,3,108579413,C,T,T/T,0,2,2,,1,0,0,0,0,
HG00405_degvcf_intervar,VTT_OUT,1,hg38,3,108684239,T,C,C/C,0,3,3,,1,0,0,0,0,
HG00405_degvcf_intervar,VTT_OUT,1,hg38,3,112466178,G,A,A/A,0,2,2,,1,0,0,0,0,
HG00405_degvcf_intervar,VTT_OUT,1,hg38,3,112534211,C,CA,CA/CA,0,2,2,,1,0,0,0,0,
HG00405_degvcf_intervar,VTT_OUT,1,hg38,3,113426159,C,T,T/T,0,2,2,,1,0,0,0,0,
HG00405_degvcf_intervar,VTT_OUT,1,hg38,3,119148200,C,G,G/G,0,2,2,,1,0,0,0,0,
HG00405_degvcf_intervar,VTT_OUT,1,hg38,3,121993204,A,C,C/C,0,3,3,,1,0,0,0,0,
HG00405_degvcf_intervar,VTT_OUT,1,hg38,3,122119472,G,A,A/A,0,3,3,,1,0,0,0,0,
HG00405_degvcf_intervar,VTT_OUT,1,hg38,3,123161344,T,C,C/C,0,3,3,,1,0,0,0,0,
HG00405_degvcf_intervar,VTT_OUT,1,hg38,3,123700066,G,A,A/A,0,3,3,,1,0,0,0,0,
HG00405_degvcf_intervar,VTT_OUT,1,hg38,3,123700441,C,T,T/T,0,2,2,,1,0,0,0,0,
HG00405_degvcf_intervar,VTT_OUT,1,hg38,3,124660970,T,C,C/C,0,2,2,,1,0,0,0,0,
HG00405_degvcf_intervar,VTT_OUT,1,hg38,3,125027205,A,G,A/G,1,2,3,,1,0,0,0,0,
HG00405_degvcf_intervar,VTT_OUT,1,hg38,3,128625943,G,A,A/A,0,2,2,,1,0,0,0,0,
HG00405_degvcf_intervar,VTT_OUT,1,hg38,3,129001644,A,G,G/G,0,2,2,,1,0,0,0,0,
HG00405_degvcf_intervar,VTT_OUT,1,hg38,3,129563137,C,T,T/T,0,2,2,,1,0,0,0,0,
HG00405_degvcf_intervar,VTT_OUT,1,hg38,3,140459643,G,A,A/A,0,2,2,,1,0,0,0,0,
HG00405_degvcf_intervar,VTT_OUT,1,hg38,3,149009346,G,A,A/A,0,2,2,,1,0,0,0,0,
HG00405_degvcf_intervar,VTT_OUT,1,hg38,3,149982732,T,C,C/C,0,3,3,,1,0,0,0,0,
HG00405_degvcf_intervar,VTT_OUT,1,hg38,3,184038603,C,G,G/G,0,2,2,,1,0,0,0,0,
HG00405_degvcf_intervar,VTT_OUT,1,hg38,3,184321878,A,G,G/G,0,2,2,,1,0,0,0,0,
HG00405_degvcf_intervar,VTT_OUT,1,hg38,3,186272307,C,T,T/T,0,3,3,,1,0,0,0,0,
HG00405_degvcf_intervar,VTT_OUT,1,hg38,3,186652544,G,T,T/T,0,3,3,,1,0,0,0,0,
HG00405_degvcf_intervar,VTT_OUT,1,hg38,3,187371115,C,A,A/A,0,3,3,,1,0,0,0,0,
HG00405_degvcf_intervar,VTT_OUT,1,hg38,3,187371138,G,A,A/A,0,3,3,,1,0,0,0,0,
HG00405_degvcf_intervar,VTT_OUT,1,hg38,3,191380177,T,C,C/C,0,2,2,,1,0,0,0,0,
HG00405_degvcf_intervar,VTT_OUT,1,hg38,3,195762196,C,G,G/G,0,2,2,,1,0,0,0,0,
